{
    "admin": {
        "username": "admin",
        "email": "admin@gmail.com",
        "password": "admin",
        "money": 2000,
        "isAdmin": true,
        "cards": [
            "card1",
            "card3",
            "card4",
            "card5",
            "card6",
            "card7",
            "card8",
            "card2",
            "card9",
            "card0"
        ],
        "id": "admin"
    },
    "65a3ca5ca232d": {
        "username": "teszt",
        "email": "teszt@teszt.com",
        "password": "6c90aa3760658846a86a263a4e92630e",
        "money": 1923.4,
        "isAdmin": false,
        "cards": [],
        "id": "65a3ca5ca232d"
    }
}